row,col,block,genotype,yield
1,1,B1,G01,73.66958385910638
1,2,B1,G02,56.49528314663466
1,3,B1,G03,73.13839842974325
1,4,B1,G04,67.46671137522138
1,5,B1,G05,67.64908401607696
1,6,B1,G06,73.50993549629682
1,7,B1,G07,76.66741062170608
1,8,B1,G08,72.83533258534315
1,9,B1,G09,69.19989870669558
1,10,B1,G10,71.06103596701752
1,11,B1,G11,63.489283460771794
1,12,B1,G12,70.32921176567521
1,13,B1,G01,71.9192955316265
1,14,B1,G02,60.20224381588541
1,15,B1,G03,73.63922063382205
1,16,B1,G04,68.3073718224059
1,17,B1,G05,68.92850454054714
1,18,B1,G06,70.42491271200252
2,1,B1,G07,73.3541656450497
2,2,B1,G08,68.40804309544289
2,3,B1,G09,67.72670364316065
2,4,B1,G10,68.84615203596125
2,5,B1,G11,61.66921878662611
2,6,B1,G12,70.73540595750363
2,7,B1,G01,74.69395677654448
2,8,B1,G02,63.174384365235824
2,9,B1,G03,73.51880342013924
2,10,B1,G04,67.730240269767
2,11,B1,G05,66.95354228067114
2,12,B1,G06,71.84585679043344
2,13,B1,G07,72.2654027116005
2,14,B1,G08,64.9720078374058
2,15,B1,G09,66.74984079161412
2,16,B1,G10,65.90963153750795
2,17,B1,G11,62.32024208154541
2,18,B1,G12,71.74274934927176
3,1,B1,G01,70.08438549418504
3,2,B1,G02,60.269178819635364
3,3,B1,G03,69.7217674938829
3,4,B1,G04,68.21072344576055
3,5,B1,G05,66.53307803875062
3,6,B1,G06,70.553968088376
3,7,B1,G07,74.79529651555171
3,8,B1,G08,69.09544346490796
3,9,B1,G09,72.85064354022737
3,10,B1,G10,65.31762215466432
3,11,B1,G11,63.21120679678628
3,12,B1,G12,70.17651034698197
3,13,B1,G01,71.81545997173725
3,14,B1,G02,56.9381530852818
3,15,B1,G03,71.64711161537954
3,16,B1,G04,65.23821224417732
3,17,B1,G05,63.43072350297573
3,18,B1,G06,72.75803519757642
4,1,B1,G07,71.98347983368679
4,2,B1,G08,71.0389310518286
4,3,B1,G09,69.95088938268208
4,4,B1,G10,68.72444995296547
4,5,B1,G11,64.63194615248145
4,6,B1,G12,70.19112644427706
4,7,B1,G01,72.03991364565579
4,8,B1,G02,57.99219487174212
4,9,B1,G03,69.75973265530284
4,10,B1,G04,67.40702218143291
4,11,B1,G05,64.29199905450363
4,12,B1,G06,69.69957800388717
4,13,B1,G07,70.10090313943569
4,14,B1,G08,65.95507333114615
4,15,B1,G09,72.1149467303232
4,16,B1,G10,65.11254102653942
4,17,B1,G11,57.857730342876245
4,18,B1,G12,67.13747058162174
5,1,B2,G01,72.35926018197357
5,2,B2,G02,54.937166747408206
5,3,B2,G03,73.32817207632091
5,4,B2,G04,63.59888859359688
5,5,B2,G05,64.38650160473885
5,6,B2,G06,68.80291692490837
5,7,B2,G07,73.49991911772545
5,8,B2,G08,68.34629026464346
5,9,B2,G09,68.76232975570355
5,10,B2,G10,64.67841355034105
5,11,B2,G11,63.70626033921282
5,12,B2,G12,72.84715296212592
5,13,B2,G01,70.01415840097499
5,14,B2,G02,61.84207495780037
5,15,B2,G03,72.89449361734535
5,16,B2,G04,66.14157926500013
5,17,B2,G05,67.26402088751894
5,18,B2,G06,67.35686586286033
6,1,B2,G07,71.20402345210537
6,2,B2,G08,66.25177027335332
6,3,B2,G09,68.74129184201281
6,4,B2,G10,63.647461882611964
6,5,B2,G11,61.96775451971055
6,6,B2,G12,67.63843794105686
6,7,B2,G01,69.40420653540421
6,8,B2,G02,63.243291678414884
6,9,B2,G03,70.82656866292717
6,10,B2,G04,67.75044112744266
6,11,B2,G05,68.12337988979027
6,12,B2,G06,70.3349459157382
6,13,B2,G07,73.78345339349637
6,14,B2,G08,68.66833082142745
6,15,B2,G09,65.21685154266271
6,16,B2,G10,66.30635490320864
6,17,B2,G11,60.6775557235135
6,18,B2,G12,67.26528614653763
7,1,B2,G01,67.92193841532456
7,2,B2,G02,54.04946481965861
7,3,B2,G03,71.24873852157019
7,4,B2,G04,65.38070908239192
7,5,B2,G05,67.19963410041338
7,6,B2,G06,69.27588848144634
7,7,B2,G07,73.89255776930834
7,8,B2,G08,68.50034404993175
7,9,B2,G09,70.01766615068077
7,10,B2,G10,66.08155203240203
7,11,B2,G11,61.17655484235059
7,12,B2,G12,69.39198288741595
7,13,B2,G01,72.05785331980434
7,14,B2,G02,57.660839183829786
7,15,B2,G03,72.05553131974935
7,16,B2,G04,67.29043050652076
7,17,B2,G05,61.068376166953804
7,18,B2,G06,66.52147530257103
8,1,B2,G07,69.01051791254409
8,2,B2,G08,66.23738554746105
8,3,B2,G09,64.30680537079245
8,4,B2,G10,65.80115828207906
8,5,B2,G11,59.187829399917156
8,6,B2,G12,69.57462570991456
8,7,B2,G01,69.57525312058243
8,8,B2,G02,59.9358485958238
8,9,B2,G03,67.05779737171171
8,10,B2,G04,64.10531886256499
8,11,B2,G05,66.22279339747355
8,12,B2,G06,68.69720819625819
8,13,B2,G07,67.78303846999596
8,14,B2,G08,69.54688914858684
8,15,B2,G09,64.46908155956424
8,16,B2,G10,63.22709490872085
8,17,B2,G11,60.355931473761096
8,18,B2,G12,64.48162365809763
9,1,B3,G01,65.08836366911986
9,2,B3,G02,54.994801067201465
9,3,B3,G03,66.23189256940425
9,4,B3,G04,65.86305826052998
9,5,B3,G05,62.44076251705894
9,6,B3,G06,68.65567600698107
9,7,B3,G07,71.37854454051393
9,8,B3,G08,71.92019860825337
9,9,B3,G09,65.93712027490108
9,10,B3,G10,66.76989241341968
9,11,B3,G11,64.3943981015991
9,12,B3,G12,67.7614766486352
9,13,B3,G01,70.77742577353219
9,14,B3,G02,51.794627299068395
9,15,B3,G03,67.33931032762202
9,16,B3,G04,60.438971526709274
9,17,B3,G05,65.81638245908758
9,18,B3,G06,60.73718052173645
10,1,B3,G07,67.84805424396308
10,2,B3,G08,65.62242825239815
10,3,B3,G09,65.70779880553353
10,4,B3,G10,65.31726525646019
10,5,B3,G11,57.483938576898225
10,6,B3,G12,61.49132345959937
10,7,B3,G01,69.32524337349207
10,8,B3,G02,54.800536311209456
10,9,B3,G03,67.68882549167034
10,10,B3,G04,66.0201589796173
10,11,B3,G05,64.53710934642358
10,12,B3,G06,70.59165120532839
10,13,B3,G07,72.64836953117913
10,14,B3,G08,70.61375332363238
10,15,B3,G09,61.38755212426122
10,16,B3,G10,67.82286236820481
10,17,B3,G11,56.15739560738715
10,18,B3,G12,64.6992021460314
11,1,B3,G01,68.7065494869107
11,2,B3,G02,53.58424573500407
11,3,B3,G03,69.93741559719884
11,4,B3,G04,65.824920250539
11,5,B3,G05,65.38284966319074
11,6,B3,G06,66.58987637563654
11,7,B3,G07,72.0603725801092
11,8,B3,G08,64.37026114145235
11,9,B3,G09,68.08119271231021
11,10,B3,G10,67.58416679283673
11,11,B3,G11,58.42907708801495
11,12,B3,G12,67.25657296733776
11,13,B3,G01,69.80951283725317
11,14,B3,G02,54.54137474358634
11,15,B3,G03,66.98655153633615
11,16,B3,G04,61.45584583915107
11,17,B3,G05,57.787092032155954
11,18,B3,G06,69.73866393613935
12,1,B3,G07,71.09142715350718
12,2,B3,G08,67.33639178195317
12,3,B3,G09,62.31087442291144
12,4,B3,G10,66.33410471142847
12,5,B3,G11,63.0999449338979
12,6,B3,G12,67.7079991643448
12,7,B3,G01,71.62309919277932
12,8,B3,G02,58.27713520407141
12,9,B3,G03,73.33871191413297
12,10,B3,G04,65.23773760732458
12,11,B3,G05,65.41539177417802
12,12,B3,G06,67.33844168244275
12,13,B3,G07,73.69504823721007
12,14,B3,G08,63.639024120698814
12,15,B3,G09,64.0020707504923
12,16,B3,G10,63.053998030282266
12,17,B3,G11,56.58113811430559
12,18,B3,G12,64.49354125993496
